{"ts":1687770474.268678,"z":-1.4025}
{"ts":1687770474.946269,"z":-1.3975}
{"ts":1687770475.6263916,"z":-1.39625}
{"ts":1687770479.8111532,"z":-1.405}
{"ts":1687770480.4880888,"z":-1.40125}
{"ts":1687770481.1995285,"z":-1.40375}
{"ts":1687770485.2227087,"z":-1.4225}
{"ts":1687770485.9406455,"z":-1.42}
{"ts":1687770486.6238496,"z":-1.42}
{"ts":1687770490.811255,"z":-1.4225}
{"ts":1687770491.498492,"z":-1.42125}
{"ts":1687770492.2040784,"z":-1.42125}
{"ts":1687770496.4337797,"z":-1.40586}
{"ts":1687770497.11698,"z":-1.40211}
{"ts":1687770497.7929962,"z":-1.40211}
{"ts":1687770501.976143,"z":-1.41336}
{"ts":1687770502.6586652,"z":-1.41086}
{"ts":1687770503.3440456,"z":-1.41086}
{"ts":1687770507.3607714,"z":-1.41586}
{"ts":1687770508.0365512,"z":-1.41836}
{"ts":1687770508.7126026,"z":-1.41586}
{"ts":1687770512.910594,"z":-1.41586}
{"ts":1687770513.6058927,"z":-1.41461}
{"ts":1687770514.2813838,"z":-1.41336}
{"ts":1687770518.4919536,"z":-1.415823}
{"ts":1687770519.1820846,"z":-1.410823}
{"ts":1687770519.8604007,"z":-1.413323}
{"ts":1687770524.0466704,"z":-1.409573}
{"ts":1687770524.7291067,"z":-1.410823}
{"ts":1687770525.4093294,"z":-1.410823}
{"ts":1687770529.4353309,"z":-1.409573}
{"ts":1687770530.1201966,"z":-1.409573}
{"ts":1687770530.796177,"z":-1.409573}
{"ts":1687770535.0262058,"z":-1.413323}
{"ts":1687770535.7078252,"z":-1.412073}
{"ts":1687770536.3881776,"z":-1.412073}
{"ts":1687770545.7013412,"btemp":32.4,"bset":0.0,"atherms":[{"id":"C","temp":34.7,"set":0.0}],"etemp":37.7,"eset":0.0}
{"ts":1687770550.0687842,"z":-1.31875}
{"ts":1687770550.744584,"z":-1.315}
{"ts":1687770551.4244077,"z":-1.315}
{"ts":1687770552.1057026,"z":-1.315}
{"ts":1687770552.787301,"z":-1.315}
{"ts":1687770553.4745944,"z":-1.315}
{"ts":1687770554.1642606,"z":-1.315}
{"ts":1687770554.8482852,"z":-1.31625}
{"ts":1687770555.5254996,"z":-1.31625}
{"ts":1687770556.2078226,"z":-1.315}
{"ts":1687770556.622532,"btemp":32.4,"bset":0.0,"atherms":[{"id":"C","temp":34.7,"set":0.0}],"etemp":37.6,"eset":0.0}
{"ts":1687770557.1641781,"z":-1.315}
{"ts":1687770557.8736458,"z":-1.31625}
{"ts":1687770558.5524504,"z":-1.31625}
{"ts":1687770559.254022,"z":-1.31625}
{"ts":1687770559.9448757,"z":-1.31625}
{"ts":1687770560.6264997,"z":-1.31625}
{"ts":1687770561.302677,"z":-1.31625}
{"ts":1687770561.9888477,"z":-1.315}
{"ts":1687770562.6759503,"z":-1.31625}
{"ts":1687770563.356877,"z":-1.31625}
{"ts":1687770566.6225328,"btemp":32.5,"bset":0.0,"atherms":[{"id":"C","temp":34.7,"set":0.0}],"etemp":37.6,"eset":0.0}
{"ts":1687770567.170661,"z":-1.315}
{"ts":1687770567.8512585,"z":-1.31625}
{"ts":1687770568.5320575,"z":-1.32}
{"ts":1687770569.2363868,"z":-1.32375}
{"ts":1687770569.9204557,"z":-1.325}
{"ts":1687770570.596145,"z":-1.32625}
{"ts":1687770571.2736304,"z":-1.32375}
{"ts":1687770571.9512796,"z":-1.32375}
{"ts":1687770572.6358075,"z":-1.32375}
{"ts":1687770573.315599,"z":-1.3225}
{"ts":1687770576.6239016,"btemp":32.4,"bset":0.0,"atherms":[{"id":"C","temp":34.7,"set":0.0}],"etemp":37.6,"eset":0.0}
{"ts":1687770577.1765478,"z":-1.31875}
{"ts":1687770577.8519788,"z":-1.31875}
{"ts":1687770578.5291684,"z":-1.31875}
{"ts":1687770579.2150812,"z":-1.31875}
{"ts":1687770579.904271,"z":-1.32}
{"ts":1687770580.5850515,"z":-1.32}
{"ts":1687770581.2697551,"z":-1.31875}
{"ts":1687770581.963605,"z":-1.32}
{"ts":1687770582.6895902,"z":-1.32125}
{"ts":1687770583.3729656,"z":-1.32}
{"ts":1687770586.6239436,"btemp":32.5,"bset":0.0,"atherms":[{"id":"C","temp":34.7,"set":0.0}],"etemp":37.5,"eset":0.0}
{"ts":1687770587.1616933,"z":-1.3175}
{"ts":1687770587.8425653,"z":-1.3175}
{"ts":1687770588.5188532,"z":-1.31875}
{"ts":1687770589.2086492,"z":-1.32}
{"ts":1687770589.897102,"z":-1.32}
{"ts":1687770590.5738647,"z":-1.32125}
{"ts":1687770591.2820137,"z":-1.32}
{"ts":1687770591.9852285,"z":-1.32125}
{"ts":1687770592.6619456,"z":-1.32}
{"ts":1687770593.3384476,"z":-1.32}
{"ts":1687770596.6254542,"btemp":32.5,"bset":0.0,"atherms":[{"id":"C","temp":34.7,"set":0.0}],"etemp":37.4,"eset":0.0}
{"ts":1687770597.161886,"z":-1.31625}
{"ts":1687770597.8387895,"z":-1.3175}
{"ts":1687770598.5227501,"z":-1.31875}
{"ts":1687770599.205384,"z":-1.32}
{"ts":1687770599.8842196,"z":-1.32125}
{"ts":1687770600.566169,"z":-1.32125}
{"ts":1687770601.2839136,"z":-1.32}
{"ts":1687770601.9717872,"z":-1.32125}
{"ts":1687770602.6526377,"z":-1.32125}
{"ts":1687770603.3276434,"z":-1.32125}
{"ts":1687770606.6263945,"btemp":32.4,"bset":0.0,"atherms":[{"id":"C","temp":34.7,"set":0.0}],"etemp":37.4,"eset":0.0}
{"ts":1687770607.1645517,"z":-1.32}
{"ts":1687770607.8383088,"z":-1.31875}
{"ts":1687770608.5225832,"z":-1.3175}
{"ts":1687770609.200453,"z":-1.31875}
{"ts":1687770609.877272,"z":-1.32}
{"ts":1687770610.5619292,"z":-1.32}
{"ts":1687770611.244314,"z":-1.32}
{"ts":1687770611.9364333,"z":-1.32}
{"ts":1687770612.6143317,"z":-1.32}
{"ts":1687770613.3209374,"z":-1.32}
{"ts":1687770616.6273496,"btemp":32.4,"bset":0.0,"atherms":[{"id":"C","temp":34.6,"set":0.0}],"etemp":37.3,"eset":0.0}
{"ts":1687770617.1616738,"z":-1.31625}
{"ts":1687770617.8446229,"z":-1.3175}
{"ts":1687770618.5422652,"z":-1.3175}
{"ts":1687770619.2208152,"z":-1.3175}
{"ts":1687770619.8975778,"z":-1.31875}
{"ts":1687770620.590906,"z":-1.3175}
{"ts":1687770621.2772367,"z":-1.31875}
{"ts":1687770621.9510365,"z":-1.3175}
{"ts":1687770622.6268923,"z":-1.3175}
{"ts":1687770623.3247921,"z":-1.3175}
{"ts":1687770626.6279948,"btemp":32.4,"bset":0.0,"atherms":[{"id":"C","temp":34.6,"set":0.0}],"etemp":37.2,"eset":0.0}
{"ts":1687770627.1628134,"z":-1.31625}
{"ts":1687770627.851995,"z":-1.31625}
{"ts":1687770628.5322642,"z":-1.31625}
{"ts":1687770629.210305,"z":-1.31625}
{"ts":1687770629.8998868,"z":-1.31625}
{"ts":1687770630.5854583,"z":-1.31625}
{"ts":1687770631.2722638,"z":-1.31625}
{"ts":1687770631.948568,"z":-1.31625}
{"ts":1687770632.6250148,"z":-1.3175}
{"ts":1687770633.3062272,"z":-1.3175}
{"ts":1687770636.629881,"btemp":32.4,"bset":0.0,"atherms":[{"id":"C","temp":34.6,"set":0.0}],"etemp":37.1,"eset":0.0}
{"ts":1687770637.1707828,"z":-1.315}
{"ts":1687770637.855645,"z":-1.31625}
{"ts":1687770638.5338979,"z":-1.31625}
{"ts":1687770639.216381,"z":-1.3175}
{"ts":1687770639.8945992,"z":-1.3175}
{"ts":1687770640.5710206,"z":-1.3175}
{"ts":1687770641.2809434,"z":-1.3175}
{"ts":1687770641.9625633,"z":-1.3175}
{"ts":1687770642.6458852,"z":-1.31625}
{"ts":1687770643.3337114,"z":-1.3175}
{"ts":1687770646.629044,"btemp":32.5,"bset":0.0,"atherms":[{"id":"C","temp":34.6,"set":0.0}],"etemp":37.0,"eset":0.0}
{"ts":1687770647.1737235,"z":-1.3175}
{"ts":1687770647.8508246,"z":-1.3175}
{"ts":1687770648.5460854,"z":-1.3175}
{"ts":1687770649.2250028,"z":-1.3175}
{"ts":1687770649.9087665,"z":-1.3175}
{"ts":1687770650.5879076,"z":-1.3175}
{"ts":1687770651.264722,"z":-1.3175}
{"ts":1687770651.9413712,"z":-1.3175}
{"ts":1687770652.6173956,"z":-1.3175}
{"ts":1687770653.3017113,"z":-1.3175}
{"ts":1687770656.6295567,"btemp":32.4,"bset":0.0,"atherms":[{"id":"C","temp":34.6,"set":0.0}],"etemp":37.0,"eset":0.0}
{"ts":1687770657.1911442,"z":-1.31625}
{"ts":1687770657.8697286,"z":-1.3175}
{"ts":1687770658.5481694,"z":-1.31875}
{"ts":1687770659.22446,"z":-1.3175}
{"ts":1687770659.9097936,"z":-1.3175}
{"ts":1687770660.5865982,"z":-1.3175}
{"ts":1687770661.2636466,"z":-1.3175}
{"ts":1687770661.9566224,"z":-1.3175}
{"ts":1687770662.6393492,"z":-1.3175}
{"ts":1687770663.3357031,"z":-1.31875}
{"ts":1687770666.630857,"btemp":32.4,"bset":0.0,"atherms":[{"id":"C","temp":34.6,"set":0.0}],"etemp":37.0,"eset":0.0}
{"ts":1687770667.2003975,"z":-1.3175}
{"ts":1687770667.881945,"z":-1.32}
{"ts":1687770668.5611365,"z":-1.31875}
{"ts":1687770669.2401361,"z":-1.32}
{"ts":1687770669.9185886,"z":-1.32}
{"ts":1687770670.5993054,"z":-1.32}
{"ts":1687770671.277026,"z":-1.32}
{"ts":1687770671.960637,"z":-1.32}
{"ts":1687770672.6426523,"z":-1.32}
{"ts":1687770673.325695,"z":-1.32125}
{"ts":1687770676.63134,"btemp":32.4,"bset":0.0,"atherms":[{"id":"C","temp":34.6,"set":0.0}],"etemp":36.9,"eset":0.0}
{"ts":1687770677.1895823,