{"ts":1684908783.0482988,"btemp":38.2,"bset":0.0,"atherms":[{"id":"C","temp":35.1,"set":0.0}],"etemp":39.9,"eset":0.0}
{"ts":1684908787.4078982,"z":-1.32225}
{"ts":1684908788.0818524,"z":-1.32225}
{"ts":1684908788.7568505,"z":-1.3235}
{"ts":1684908789.4404082,"z":-1.321}
{"ts":1684908790.1218772,"z":-1.32225}
{"ts":1684908790.7957616,"z":-1.32225}
{"ts":1684908791.5023577,"z":-1.32225}
{"ts":1684908792.18001,"z":-1.32225}
{"ts":1684908792.8565388,"z":-1.32225}
{"ts":1684908793.53311,"z":-1.32225}
{"ts":1684908793.9488978,"btemp":38.3,"bset":0.0,"atherms":[{"id":"C","temp":35.0,"set":0.0}],"etemp":39.8,"eset":0.0}
{"ts":1684908794.498791,"z":-1.32225}
{"ts":1684908795.1788144,"z":-1.321}
