{"ts":1687771111.939139,"btemp":32.3,"bset":0.0,"atherms":[{"id":"C","temp":34.0,"set":0.0}],"etemp":36.5,"eset":0.0}
{"ts":1687771116.3066554,"z":-1.32125}
{"ts":1687771116.995035,"z":-1.32}
{"ts":1687771117.6736796,"z":-1.32}
{"ts":1687771118.3521373,"z":-1.32}
{"ts":1687771119.0643134,"z":-1.31875}
{"ts":1687771119.7525582,"z":-1.3175}
{"ts":1687771120.4321566,"z":-1.3175}
{"ts":1687771121.1093802,"z":-1.3175}
{"ts":1687771121.8670323,"z":-1.31625}
{"ts":1687771122.556875,"z":-1.31625}
{"ts":1687771122.9698744,"btemp":32.3,"bset":0.0,"atherms":[{"id":"C","temp":34.0,"set":0.0}],"etemp":36.5,"eset":0.0}
{"ts":1687771123.5075116,"z":-1.31625}
{"ts":1687771124.184984,"z":-1.315}
{"ts":1687771124.8590713,"z":-1.315}
{"ts":1687771125.5481436,"z":-1.315}
{"ts":1687771126.238598,"z":-1.315}
{"ts":1687771126.9141054,"z":-1.315}
{"ts":1687771127.590115,"z":-1.315}
{"ts":1687771128.2739758,"z":-1.31375}
{"ts":1687771128.9481761,"z":-1.315}
{"ts":1687771129.6222227,"z":-1.31625}
{"ts":1687771132.971858,"btemp":32.3,"bset":0.0,"atherms":[{"id":"C","temp":34.0,"set":0.0}],"etemp":36.5,"eset":0.0}
{"ts":1687771133.5124154,"z":-1.31625}
{"ts":1687771134.1871202,"z":-1.3125}
{"ts":1687771134.878089,"z":-1.31625}
{"ts":1687771135.5900877,"z":-1.315}
{"ts":1687771136.267742,"z":-1.315}
{"ts":1687771136.9452431,"z":-1.315}
{"ts":1687771137.619693,"z":-1.31375}
{"ts":1687771138.2991686,"z":-1.3125}
{"ts":1687771138.9751003,"z":-1.315}
{"ts":1687771139.6490316,"z":-1.31375}
{"ts":1687771142.9709685,"btemp":32.3,"bset":0.0,"atherms":[{"id":"C","temp":34.0,"set":0.0}],"etemp":36.5,"eset":0.0}
{"ts":1687771143.5148513,"z":-1.3125}
{"ts":1687771144.1960328,"z":-1.3125}
{"ts":1687771144.9001472,"z":-1.31125}
{"ts":1687771145.5997763,"z":-1.3125}
{"ts":1687771146.2769225,"z":-1.3125}
{"ts":1687771146.952077,"z":-1.31125}
{"ts":1687771147.6280596,"z":-1.31625}
{"ts":1687771148.3056939,"z":-1.3125}
{"ts":1687771148.9792144,"z":-1.31375}
{"ts":1687771149.6530802,"z":-1.3125}
{"ts":1687771152.9714398,"btemp":32.2,"bset":0.0,"atherms":[{"id":"C","temp":34.0,"set":0.0}],"etemp":36.5,"eset":0.0}
{"ts":1687771153.504192,"z":-1.31125}
{"ts":1687771154.1811242,"z":-1.3125}
{"ts":1687771154.9110765,"z":-1.315}
{"ts":1687771155.6118922,"z":-1.315}
{"ts":1687771156.2900362,"z":-1.315}
{"ts":1687771156.965429,"z":-1.31125}
{"ts":1687771157.6472435,"z":-1.3125}
{"ts":1687771158.3371124,"z":-1.31375}
{"ts":1687771159.0130284,"z":-1.31125}
{"ts":1687771159.6893783,"z":-1.31125}
{"ts":1687771162.972322,"btemp":32.2,"bset":0.0,"atherms":[{"id":"C","temp":33.9,"set":0.0}],"etemp":36.5,"eset":0.0}
{"ts":1687771163.5052154,"z":-1.31}
{"ts":1687771164.1792295,"z":-1.31}
{"ts":1687771164.854198,"z":-1.31}
{"ts":1687771165.5294135,"z":-1.31125}
{"ts":1687771166.2052023,"z":-1.31125}
{"ts":1687771166.89884,"z":-1.3125}
{"ts":1687771167.5739977,"z":-1.3125}
{"ts":1687771168.2550743,"z":-1.31125}
{"ts":1687771168.958234,"z":-1.3125}
{"ts":1687771169.6484888,"z":-1.31375}
{"ts":1687771172.9742196,"btemp":32.3,"bset":0.0,"atherms":[{"id":"C","temp":33.9,"set":0.0}],"etemp":36.4,"eset":0.0}
{"ts":1687771173.507012,"z":-1.3125}
{"ts":1687771174.2023418,"z":-1.3125}
{"ts":1687771174.8789494,"z":-1.31375}
{"ts":1687771175.5563822,"z":-1.3125}
{"ts":1687771176.258947,"z":-1.31375}
{"ts":1687771176.9663439,"z":-1.3125}
{"ts":1687771177.6419458,"z":-1.31375}
{"ts":1687771178.3149784,"z":-1.31375}
{"ts":1687771178.989032,"z":-1.31375}
{"ts":1687771179.6712253,"z":-1.31375}
{"ts":1687771182.9749343,"btemp":32.2,"bset":0.0,"atherms":[{"id":"C","temp":33.9,"set":0.0}],"etemp":36.5,"eset":0.0}
{"ts":1687771183.5193055,"z":-1.3125}
{"ts":1687771184.2009578,"z":-1.3125}
{"ts":1687771184.884365,"z":-1.31375}
{"ts":1687771185.5641594,"z":-1.31375}
{"ts":1687771186.240655,"z":-1.31375}
{"ts":1687771186.9615006,"z":-1.3125}
{"ts":1687771187.6402783,"z":-1.31375}
{"ts":1687771188.3182802,"z":-1.3125}
{"ts":1687771189.0081365,"z":-1.31375}
{"ts":1687771189.7043355,"z":-1.3125}
{"ts":1687771192.9774766,"btemp":32.2,"bset":0.0,"atherms":[{"id":"C","temp":33.9,"set":0.0}],"etemp":36.5,"eset":0.0}
{"ts":1687771193.5141802,"z":-1.31125}
{"ts":1687771194.2109919,"z":-1.3125}
{"ts":1687771194.8885283,"z":-1.3125}
{"ts":1687771195.5666661,"z":-1.31375}
{"ts":1687771196.2880795,"z":-1.31375}
{"ts":1687771196.989257,"z":-1.31375}
{"ts":1687771197.6705413,"z":-1.31375}
{"ts":1687771198.3465853,"z":-1.31375}
{"ts":1687771199.031901,"z":-1.31375}
{"ts":1687771199.7108676,"z":-1.315}
{"ts":1687771202.974935,"btemp":32.3,"bset":0.0,"atherms":[{"id":"C","temp":33.9,"set":0.0}],"etemp":36.5,"eset":0.0}
{"ts":1687771203.5178845,"z":-1.3175}
{"ts":1687771204.1973758,"z":-1.31375}
{"ts":1687771204.8778791,"z":-1.3175}
{"ts":1687771205.558531,"z":-1.31625}
{"ts":1687771206.2351806,"z":-1.31375}
{"ts":1687771206.9340773,"z":-1.3125}
{"ts":1687771207.6191819,"z":-1.3125}
{"ts":1687771208.3175066,"z":-1.31375}
{"ts":1687771209.03022,"z":-1.3175}
{"ts":1687771209.7204542,"z":-1.31375}
{"ts":1687771212.9754083,"btemp":32.2,"bset":0.0,"atherms":[{"id":"C","temp":33.9,"set":0.0}],"etemp":36.5,"eset":0.0}
{"ts":1687771213.5104322,"z":-1.31125}
{"ts":1687771214.2168872,"z":-1.31125}
{"ts":1687771214.8964005,"z":-1.31625}
{"ts":1687771215.5816483,"z":-1.31875}
{"ts":1687771216.2791398,"z":-1.3175}
{"ts":1687771216.9794152,"z":-1.31625}
{"ts":1687771217.6582105,"z":-1.315}
{"ts":1687771218.3448582,"z":-1.3125}
{"ts":1687771219.054096,"z":-1.3125}
{"ts":1687771219.7342794,"z":-1.31625}
{"ts":1687771222.9764173,"btemp":32.2,"bset":0.0,"atherms":[{"id":"C","temp":33.9,"set":0.0}],"etemp":36.5,"eset":0.0}
{"ts":1687771223.5154116,"z":-1.315}
{"ts":1687771224.2040277,"z":-1.315}
{"ts":1687771224.8859997,"z":-1.31375}
{"ts":1687771225.5830562,"z":-1.31375}
{"ts":1687771226.2640822,"z":-1.31375}
{"ts":1687771226.96735,"z":-1.315}
{"ts":1687771227.6712825,"z":-1.31375}
{"ts":1687771228.3576496,"z":-1.31625}
{"ts":1687771229.0583377,"z":-1.31875}
{"ts":1687771229.7335923,"z":-1.31625}
{"ts":1687771232.9766712,"btemp":32.3,"bset":0.0,"atherms":[{"id":"C","temp":33.9,"set":0.0}],"etemp":36.5,"eset":0.0}
{"ts":1687771233.5100462,"z":-1.31125}
{"ts":1687771234.2121646,"z":-1.31125}
{"ts":1687771234.8975677,"z":-1.3125}
{"ts":1687771235.577183,"z":-1.31625}
{"ts":1687771236.2531157,"z":-1.31375}
{"ts":1687771236.9473214,"z":-1.3125}
{"ts":1687771237.6270964,"z":-1.31625}
{"ts":1687771238.3011284,"z":-1.31375}
{"ts":1687771238.986615,"z":-1.31375}
{"ts":1687771239.6671388,"z":-1.315}
{"ts":1687771242.9783223,"btemp":32.2,"bset":0.0,"atherms":[{"id":"C","temp":33.9,"set":0.0}],"etemp":36.5,"eset":0.0}
{"ts":1687771243.5125659,"z":-1.3125}
{"ts":1687771244.223326,"z":-1.315}
{"ts":1687771244.9028897,"z":-1.31375}
{"ts":1687771245.5819557,"z":-1.315}
{"ts":1687771246.2594907,"z":-1.3125}
{"ts":1687771246.9415147,"z":-1.31625}
{"ts":1687771247.6269827,"z":-1.3125}
{"ts":1687771248.305067,"z":-1.3125}
{"ts":1687771248.9969387,"z":-1.31375}
{"ts":1687771249.69312,"z":-1.315}
{"ts":1687771252.9780388,"btemp":32.2,"bset":0.0,"atherms":[{"id":"C","temp":33.9,"set":0.0}],"etemp":36.4,"eset":0.0}
{"ts":1687771253.5121753,"z":-1.31125}
{"ts":1687771254.220225,"z":-1.31125}
{"ts":1687771254.9085956,"z":-1.315}
{"ts":1687771255.5860775,"z":-1.31375}
{"ts":1687771256.2761853,"z":-1.315}
{"ts":1687771256.9584754,"z":-1.31125}
{"ts":1687771257.634637,"z":-1.315}
{"ts":1687771258.310186,"z":-1.31375}
{"ts":1687771259.0198016,"z":-1.31125}
{"ts":1687771259.698379,"z":-1.315}
