{"ts":1687770799.1812673,"btemp":32.3,"bset":0.0,"atherms":[{"id":"C","temp":34.4,"set":0.0}],"etemp":36.6,"eset":0.0}
{"ts":1687770804.4796078,"z":-1.32375}
{"ts":1687770805.1563342,"z":-1.32125}
{"ts":1687770805.8377738,"z":-1.32125}
{"ts":1687770806.512019,"z":-1.32125}
{"ts":1687770807.1889648,"z":-1.32125}
{"ts":1687770807.9086373,"z":-1.32125}
{"ts":1687770808.605349,"z":-1.32125}
{"ts":1687770809.306994,"z":-1.32125}
{"ts":1687770809.9915996,"z":-1.32125}
{"ts":1687770810.6677139,"z":-1.32125}
{"ts":1687770811.08614,"btemp":32.4,"bset":0.0,"atherms":[{"id":"C","temp":34.4,"set":0.0}],"etemp":36.6,"eset":0.0}
{"ts":1687770811.65203,"z":-1.32125}
{"ts":1687770812.344452,"z":-1.32}
{"ts":1687770813.0240402,"z":-1.3225}
{"ts":1687770813.7034714,"z":-1.32}
{"ts":1687770814.4097261,"z":-1.3225}
{"ts":1687770815.0888135,"z":-1.3225}
{"ts":1687770815.765503,"z":-1.3225}
{"ts":1687770816.4414833,"z":-1.32125}
{"ts":1687770817.1276596,"z":-1.32125}
{"ts":1687770817.804803,"z":-1.32125}
{"ts":1687770821.080602,"btemp":32.3,"bset":0.0,"atherms":[{"id":"C","temp":34.3,"set":0.0}],"etemp":36.6,"eset":0.0}
{"ts":1687770821.6244538,"z":-1.31875}
{"ts":1687770822.3299978,"z":-1.32}
{"ts":1687770823.009418,"z":-1.32}
{"ts":1687770823.7002234,"z":-1.32125}
{"ts":1687770824.375981,"z":-1.32125}
{"ts":1687770825.053413,"z":-1.32125}
{"ts":1687770825.7374284,"z":-1.32}
{"ts":1687770826.413352,"z":-1.32}
{"ts":1687770827.0921385,"z":-1.32}
{"ts":1687770827.7718134,"z":-1.32}
{"ts":1687770831.0810056,"btemp":32.4,"bset":0.0,"atherms":[{"id":"C","temp":34.3,"set":0.0}],"etemp":36.6,"eset":0.0}
{"ts":1687770831.6179338,"z":-1.3175}
{"ts":1687770832.3190029,"z":-1.31875}
{"ts":1687770832.99639,"z":-1.31875}
{"ts":1687770833.6812377,"z":-1.31875}
{"ts":1687770834.358522,"z":-1.31875}
{"ts":1687770835.0357237,"z":-1.32}
{"ts":1687770835.7152524,"z":-1.31875}
{"ts":1687770836.389105,"z":-1.31875}
{"ts":1687770837.0815423,"z":-1.3225}
{"ts":1687770837.7585096,"z":-1.32}
{"ts":1687770841.0814757,"btemp":32.4,"bset":0.0,"atherms":[{"id":"C","temp":34.3,"set":0.0}],"etemp":36.6,"eset":0.0}
{"ts":1687770841.6209245,"z":-1.31625}
{"ts":1687770842.3133397,"z":-1.3175}
{"ts":1687770842.996031,"z":-1.3175}
{"ts":1687770843.6760323,"z":-1.31875}
{"ts":1687770844.3540177,"z":-1.3175}
{"ts":1687770845.0289764,"z":-1.3175}
{"ts":1687770845.706326,"z":-1.31875}
{"ts":1687770846.3969772,"z":-1.32125}
{"ts":1687770847.0729094,"z":-1.31875}
{"ts":1687770847.7531312,"z":-1.31875}
{"ts":1687770851.0826006,"btemp":32.3,"bset":0.0,"atherms":[{"id":"C","temp":34.3,"set":0.0}],"etemp":36.6,"eset":0.0}
{"ts":1687770851.6188326,"z":-1.31625}
{"ts":1687770852.3302255,"z":-1.31875}
{"ts":1687770853.0120428,"z":-1.315}
{"ts":1687770853.6948104,"z":-1.3175}
{"ts":1687770854.3718646,"z":-1.31875}
{"ts":1687770855.0488956,"z":-1.31875}
{"ts":1687770855.7377982,"z":-1.31875}
{"ts":1687770856.4117887,"z":-1.31875}
{"ts":1687770857.0872836,"z":-1.3175}
{"ts":1687770857.7814326,"z":-1.31875}
{"ts":1687770861.0820694,"btemp":32.3,"bset":0.0,"atherms":[{"id":"C","temp":34.3,"set":0.0}],"etemp":36.6,"eset":0.0}
{"ts":1687770861.6126442,"z":-1.31625}
{"ts":1687770862.3038263,"z":-1.31875}
{"ts":1687770862.980575,"z":-1.31875}
{"ts":1687770863.6657605,"z":-1.31875}
{"ts":1687770864.3666022,"z":-1.31875}
{"ts":1687770865.0703213,"z":-1.31875}
{"ts":1687770865.7486818,"z":-1.31875}
{"ts":1687770866.4246178,"z":-1.3175}
{"ts":1687770867.1018755,"z":-1.31875}
{"ts":1687770867.7769005,"z":-1.31875}
{"ts":1687770871.0820525,"btemp":32.3,"bset":0.0,"atherms":[{"id":"C","temp":34.3,"set":0.0}],"etemp":36.5,"eset":0.0}
{"ts":1687770871.6156862,"z":-1.31875}
{"ts":1687770872.2908452,"z":-1.31875}
{"ts":1687770872.967799,"z":-1.31875}
{"ts":1687770873.644713,"z":-1.31875}
{"ts":1687770874.3636575,"z":-1.32}
{"ts":1687770875.039426,"z":-1.32}
{"ts":1687770875.722519,"z":-1.32}
{"ts":1687770876.4221542,"z":-1.32125}
{"ts":1687770877.104345,"z":-1.32}
{"ts":1687770877.784982,"z":-1.32}
{"ts":1687770881.0834317,"btemp":32.4,"bset":0.0,"atherms":[{"id":"C","temp":34.3,"set":0.0}],"etemp":36.6,"eset":0.0}
{"ts":1687770881.6332715,"z":-1.3175}
{"ts":1687770882.3132467,"z":-1.31875}
{"ts":1687770883.0014856,"z":-1.32}
{"ts":1687770883.6839678,"z":-1.32}
{"ts":1687770884.4076493,"z":-1.32}
{"ts":1687770885.0946717,"z":-1.32125}
{"ts":1687770885.7709858,"z":-1.32125}
{"ts":1687770886.4461699,"z":-1.32125}
{"ts":1687770887.1237097,"z":-1.32}
{"ts":1687770887.8007636,"z":-1.32125}
{"ts":1687770891.0839276,"btemp":32.4,"bset":0.0,"atherms":[{"id":"C","temp":34.2,"set":0.0}],"etemp":36.5,"eset":0.0}
{"ts":1687770891.6385505,"z":-1.32125}
{"ts":1687770892.3184917,"z":-1.32}
{"ts":1687770892.997241,"z":-1.31875}
{"ts":1687770893.6762006,"z":-1.32}
{"ts":1687770894.3704853,"z":-1.32}
{"ts":1687770895.0476785,"z":-1.32}
{"ts":1687770895.7291126,"z":-1.32}
{"ts":1687770896.4443486,"z":-1.32}
{"ts":1687770897.131239,"z":-1.32125}
{"ts":1687770897.8063955,"z":-1.32}
{"ts":1687770901.0854707,"btemp":32.3,"bset":0.0,"atherms":[{"id":"C","temp":34.2,"set":0.0}],"etemp":36.5,"eset":0.0}
{"ts":1687770901.6191506,"z":-1.3175}
{"ts":1687770902.2978508,"z":-1.3175}
{"ts":1687770902.9849913,"z":-1.31875}
{"ts":1687770903.6985502,"z":-1.31875}
{"ts":1687770904.3944087,"z":-1.31875}
{"ts":1687770905.0722597,"z":-1.32}
{"ts":1687770905.7588322,"z":-1.32}
{"ts":1687770906.4663644,"z":-1.31875}
{"ts":1687770907.1654475,"z":-1.31875}
{"ts":1687770907.8471925,"z":-1.32}
{"ts":1687770911.0842426,"btemp":32.3,"bset":0.0,"atherms":[{"id":"C","temp":34.2,"set":0.0}],"etemp":36.5,"eset":0.0}
{"ts":1687770911.6370227,"z":-1.31625}
{"ts":1687770912.318164,"z":-1.3175}
{"ts":1687770912.9945638,"z":-1.3175}
{"ts":1687770913.6842608,"z":-1.3175}
{"ts":1687770914.3716445,"z":-1.3175}
{"ts":1687770915.051644,"z":-1.31875}
{"ts":1687770915.7299263,"z":-1.3175}
{"ts":1687770916.4270227,"z":-1.3175}
{"ts":1687770917.1037037,"z":-1.31875}
{"ts":1687770917.7857404,"z":-1.31875}
{"ts":1687770921.0842035,"btemp":32.4,"bset":0.0,"atherms":[{"id":"C","temp":34.2,"set":0.0}],"etemp":36.5,"eset":0.0}
{"ts":1687770921.6199706,"z":-1.31875}
{"ts":1687770922.3055491,"z":-1.3175}
{"ts":1687770923.0030355,"z":-1.3175}
{"ts":1687770923.7001028,"z":-1.31875}
{"ts":1687770924.3916097,"z":-1.31875}
{"ts":1687770925.0785,"z":-1.31875}
{"ts":1687770925.7717984,"z":-1.32}
{"ts":1687770926.4584348,"z":-1.31875}
{"ts":1687770927.137383,"z":-1.31875}
{"ts":1687770927.8184693,"z":-1.32}
{"ts":1687770931.0848448,"btemp":32.3,"bset":0.0,"atherms":[{"id":"C","temp":34.2,"set":0.0}],"etemp":36.5,"eset":0.0}
{"ts":1687770931.6225414,"z":-1.3175}
{"ts":1687770932.3075666,"z":-1.3175}
{"ts":1687770932.988841,"z":-1.3175}
{"ts":1687770933.6675632,"z":-1.3175}
{"ts":1687770934.3552074,"z":-1.3175}
{"ts":1687770935.0323095,"z":-1.3175}
{"ts":1687770935.7276046,"z":-1.31875}
{"ts":1687770936.414038,"z":-1.3175}
{"ts":1687770937.090303,"z":-1.31875}
{"ts":1687770937.785842,"z":-1.31875}
{"ts":1687770941.0856783,"btemp":32.3,"bset":0.0,"atherms":[{"id":"C","temp":34.2,"set":0.0}],"etemp":36.5,"eset":0.0}
{"ts":1687770941.6261783,"z":-1.31625}
{"ts":1687770942.3114533,"z":-1.3175}
{"ts":1687770942.9947758,"z":-1.31875}
{"ts":1687770943.6733418,"z":-1.31875}
{"ts":1687770944.3513749,"z":-1.31875}
{"ts":1687770945.0344098,"z":-1.31875}
{"ts":1687770945.7194638,"z":-1.31875}
{"ts":1687770946.4024131,"z":-1.31875}
{"ts":1687770947.0790448,"z":-1.32}
{"ts":1687770947.7579284,"z":-1.31875}
{"ts":1687770951.085264,"btemp":32.4,"bset":0.0,"atherms":[{"id":"C","temp":34.2,"set":0.0}],"etemp":36.5,"eset":0.0}
{"ts":1687770951.6295888,"z":-1.32375}
{"ts":1687770952.3170695,"z":-1.31875}
{"ts":1687770952.993073,"z":-1.3175}
{"ts":1687770953.6819863,"z":-1.31875}
{"ts":1687770954.3575141,"z":-1.3175}
{"ts":1687770955.0392065,"z":-1.32}
{"ts":1687770955.7210417,"z":-1.32125}
{"ts":1687770956.4067092,"z":-1.32125}
{"ts":1687770957.088566,"z":-1.31875}
{"ts":1687770957.767984,"z":-1.31875}
{"ts":1687770961.0852997,